,0
0,8500010:0:3
1,8500020:0:3
2,8500021:0:5
3,8517131:0:2
4,8500300:0:5
5,8500313:0:2
6,8500301:0:3
7,8500302:0:3
8,8500303:0:2
9,8500320:0:3
10,8500304:0:2
11,8500305:0:1
12,8500010:0:6
13,8500010:0:1
14,8500010:0:4
15,8500010:0:9
16,8500309:0:2
17,8500305:0:3
18,8500304:0:1
19,8500320:0:4
20,8500303:0:3
21,8500302:0:2
22,8500301:0:4
23,8500313:0:1
24,8500300:0:4
25,8517131:0:1
26,8500021:0:4
27,8500020:0:1
28,8500305:0:2
29,8503000:0:15
30,8502119:0:3
31,8502113:0:5
32,8500218:0:8
33,8507000:0:5
34,8504100:0:2
35,8501120:0:5
36,8501008:0:2
37,8501026:0:2
38,8503000:0:41/42
39,8503020:0:4
40,8503001:0:3
41,8503509:0:3
42,8503512:0:1
43,8503508:0:3
44,8503506:0:4
45,8503511:0:1
46,8503505:0:5
47,8503504:0:3
48,8503503:0:4
49,8500309:0:5
50,8502237:0:6
51,8502247:0:6
52,8502105:0:4
53,8502114:0:1
54,8502113:0:4
55,8502113:0:12
56,8519685
57,8502123:0:1
58,8502103:0:7
59,8502189
60,8502160:0:3
61,8502184
62,8502174:0:1
63,8502161:0:1
64,8516450:0:3
65,8502162
66,8502183
67,8502163:0:1
68,8502164:0:2
69,8502165:0:1
70,8502166:0:2
71,8502167:0:1
72,8502176
73,8502168:0:1
74,8502169:0:1
75,8502103
76,8516450:0:2
77,8502113:0:13
78,8502191
79,8502192:0:2
80,8502196:0:2
81,8502182
82,8502181:0:2
83,8502194
84,8502180
85,8502195:0:2
86,8502179
87,8502178:0:2
88,8502197:0:1
89,8502177
90,8502199:0:1
91,8502192:0:1
92,8502197:0:2
93,8502192
94,8502196:0:1
95,8502199:0:2
96,8502113
97,8502169:0:2
98,8502167:0:2
99,8502163:0:2
100,8502160:0:2
101,8502123:0:2
102,8502164:0:1
103,8500309:0:3
104,8503504:0:1
105,8503000:0:10
106,8503000:0:17
107,8500309:0:4
108,8507000:0:8
109,8500218:0:4
110,8502113:0:2
111,8503000
112,8503000:0:8
113,8503000:0:16
114,8507000:0:9
115,8503000:0:18
116,8503000:0:14
117,8503000:0:12
118,8507000:0:10
119,8500218:0:2
120,8500218:0:3
121,8507000:0:7
122,8502273:0:1
123,8502248
124,8502185
125,8502272:0:2
126,8502269:0:2
127,8502271
128,8502213:0:11
129,8517377:0:2
130,8502274
131,8502188:0:1
132,8502275
133,8502268
134,8502276:0:1
135,8502187:0:1
136,8502277:0:1
137,8502278:0:1
138,8502186:0:1
139,8502270
140,8517376
141,8503508:0:11
142,8502272:0:3
143,8502186:0:2
144,8502187:0:2
145,8502276:0:2
146,8502188:0:2
147,8517377:0:1
148,8502269
149,8502213:0:12
150,8502273:0:2
151,8503504:0:2
152,8502119:0:4
153,8502112:0:1
154,8502111:0:2
155,8502110:0:4
156,8500218:0:9
157,8502000:0:3
158,8508103:0:1
159,8508102:0:2
160,8508101:0:3
161,8508100:0:1
162,8502110:0:3
163,8502111:0:4
164,8502112:0:2
165,8502114:0:4
166,8502119:0:2
167,8502247:0:5
168,8502237:0:5
169,8503503:0:3
170,8503504:0:5
171,8508101:0:4
172,8508102:0:1
173,8508103:0:4
174,8502000:0:1
175,8502113:0:1
176,8502119:0:1
177,8500218
178,8500218:0:12
179,8500218:0:11
180,8502113:0:6
181,8502110:0:1
182,8502215:0:3
183,8502213:0:3
184,8502212:0:1
185,8502211:0:2
186,8502105:0:5
187,8502215:0:4
188,8502211:0:3
189,8502212:0:2
190,8502213:0:2
191,8502119:0:6
192,8502211:0:1
193,8502214:0:1
194,8502218:0:3
195,8502219:0:3
196,8502202:0:5
197,8502119:0:5AB
198,8502119:0:5
199,8502216:0:2
200,8502217:0:1
201,8502113:0:4AB
202,8502202:0:6
203,8502219:0:2
204,8502218:0:2
205,8502214:0:2
206,8502119:0:6A
207,8502217:0:2
208,8502216:0:3
209,8502215:0:3DE
210,8502213:0:1
211,8502119:0:6B
212,8503504:0:4
213,8503502
214,8503501:0:1
215,8516176:0:1
216,8500329:0:4
217,8014474:0:5
218,8503501:0:2
219,8503503:0:1
220,8503501
221,8503505:0:3
222,8503409:0:1
223,8503410:0:1
224,8503411:0:1
225,8500329:0:1
226,8503408:0:7
227,8503505:0:1
228,8500329:0:3
229,8502001:0:1
230,8502120:0:1
231,8502121:0:1
232,8502100:0:1
233,8502122:0:1
234,8502101:0:1
235,8502102
236,8502103:0:5
237,8502104:0:2
238,8502103:0:6
239,8502104:0:1
240,8502001:0:40
241,8502100:0:2
242,8500218:0:10
243,8502116:0:1
244,8502128:0:1
245,8502115:0:2
246,8502111:0:3
247,8502113:0:0
248,8502115:0:3
249,8502128:0:2
250,8502116:0:2
251,8503503:0:2
252,8502113:0:3
253,8500218:0:1
254,8502105:0:3
255,8502106:0:4
256,8516219:0:1
257,8503506:0:5
258,8503508:0:4
259,8503512:0:2
260,8503509:0:4
261,8503001:0:4
262,8503020:0:1
263,8503000:0:43/44
264,8516219:0:2
265,8502106:0:3
266,8502105:0:2
267,8503000:0:13
268,8500010:0:11
269,8500010:0:8
270,8500010:0:7
271,8500010:0:12
272,8503000:0:11
273,8500010
274,8500309:0:1
275,8500010:0:5
276,8500023:0:1
277,8500026:0:1
278,8503000:0:9
279,8500026:0:3
280,8500023:0:3
281,8503506:0:6
282,8503508:0:5
283,8503001:0:6
284,8503001:0:7
285,8503508:0:6
286,8502034:0:2
287,8502033:0:2
288,8502032:0:1
289,8502031:0:1
290,8502030:0:2
291,8502119:0:7
292,8502034:0:1
293,8502030:0:1
294,8502033:0:1
295,8506370:0:12
296,8506270
297,8506358
298,8506359
299,8518100
300,8506361
301,8506362
302,8506363
303,8506364
304,8506365
305,8506366
306,8506367
307,8506368
308,8506369
309,8506286:0:3A
310,8506380
311,8506381
312,8506378:0:3
313,8506382
314,8506276
315,8506377
316,8506376
317,8506375
318,8506470
319,8506374
320,8506373:0:1
321,8506372
322,8506371
323,8506370:0:11
324,8506286:0:2
325,8506373:0:2
326,8506286
327,8506370:0:11A
328,8506370:0:11B
329,8506378:0:2
330,8506286:0:3B
331,8506271
332,8506285
333,8506284
334,8506283:0:1
335,8506282
336,8506281
337,8506280
338,8506290:0:11
339,8506210:0:11
340,8506286:0:4A
341,8506286:0:4B
342,8506290:0:13
343,8506283:0:2
344,8506306:0:1
345,8506311:0:1
346,8506278
347,8506400
348,8506352
349,8506353
350,8506354
351,8506355
352,8506313
353,8506351
354,8506350
355,8506290:0:1
356,8506392:0:4
357,8506302:0:5
358,8506302:0:6
359,8506290:0:2
360,8506287:0:2
361,8506302:0:3
362,8506303:0:4
363,8506393:0:3
364,8506392:0:3
365,8506287:0:1
366,8506303:0:1
367,8506302:0:7
368,8506289
369,8506277
370,8506288
371,8506275
372,8506290
373,8500026:0:4
374,8500031:0:1
375,8500032:0:1
376,8500033:0:1
377,8500034:0:1
378,8500035:0:1
379,8500037:0:1
380,8500218:0:1A
381,8500010:0:11AB
382,8500320:0:2
383,8500322:0:1
384,8500320:0:5
385,8505000:0:7
386,8502007:0:3
387,8502001:0:3
388,8500027:0:3
389,8505000:0:5
390,8500010:0:10
391,8505000:0:4
392,8505000:0:3
393,8500010:0:15
394,8505000:0:6
395,8500218:0:7
396,8500027:0:4
397,8502001:0:2
398,8502007:0:1
399,8505000:0:8
400,8505000:0:10
401,8505000
402,8500028:0:4
403,8500025:0:2
404,8500024:0:3
405,8500022:0:2
406,8500021:0:1
407,8500010:0:16
408,8500136:0:2
409,8500119:0:1
410,8500118:0:3
411,8500117:0:3
412,8500116:0:1
413,8500115:0:3
414,8500114:0:3
415,8500113:0:2
416,8500109:0:1
417,8500114:0:4
418,8500115:0:2
419,8500117:0:2
420,8500118:0:2
421,8500119:0:2
422,8500136:0:1
423,8500113:0:3
424,8500109:0:2
425,8500113:0:4
426,8500010:0:17
427,8500021:0:2
428,8500022:0:1
429,8500024:0:1
430,8500025:0:1
431,8500028:0:3
432,8500120:0:1
433,8500121:0:2
434,8500122:0:3
435,8500123:0:3
436,8500124
437,8500125:0:1
438,8500126:0:1
439,8500218:0:10A
440,8500125:0:2
441,8500121:0:1
442,8500020:0:4
443,8505004:0:8
444,8500010:0:14
445,8503000:0:6
446,8500109:0:3
447,8014450
448,8014449
449,8014448
450,8021703
451,8014447
452,8083840
453,8014446
454,8014445
455,8014444
456,8014443
457,8083846
458,8014441
459,8069221
460,8014440
461,8014439
462,8087021
463,8500090
464,8500010:0:2
465,8501609:0:1
466,8501605:0:4
467,8507483:0:3
468,8507100:0:3
469,8507000:0:4
470,8501609:0:6
471,8501609:0:7
472,8507100:0:2
473,8507000:0:6
474,8507100:0:1
475,8501605:0:7
476,8501605:0:6
477,8501609:0:3
478,8501609:0:8
479,8507483:0:1
480,8507493:0:1
481,8507492:0:7
482,8301003:0:2
483,8501609:0:4
484,8507000:0:2
485,8507478:0:2
486,8301003:0:3
487,8508215:0:3B
488,8516354:0:1
489,8508297
490,8508295:0:3
491,8508294:0:1
492,8508293
493,8508292
494,8508187:0:1
495,8508186
496,8508185
497,8508184:0:1
498,8508183:0:2
499,8508174:0:1
500,8508182
501,8508181:0:1
502,8508100:0:14
503,8508215:0:2B
504,8508100:0:13
505,8508295:0:2
506,8508187:0:2
507,8507000:0:13A
508,8507082:0:1
509,8507091:0:1
510,8507083:0:2
511,8507084:0:1
512,8507085:0:2
513,8507086:0:2
514,8507087:0:2
515,8507095:0:1
516,8507088:0:1
517,8507089:0:1
518,8507000:0:12C
519,8507000:0:13
520,8507000:0:12A
521,8507000:0:13C
522,8507089
523,8507087:0:1
524,8507086:0:3
525,8507085:0:1
526,8507083:0:1
527,8507082:0:2
528,8507089:0:2
529,8507000:0:12
530,8507000
531,8508183:0:3
532,8508294:0:2
533,8508215:0:2
534,8507492:0:5
535,8507483:0:2
536,8507000:0:1
537,8507006:0:2
538,8507492
539,8507006:0:1
540,8507494:0:1
541,8507495:0:2
542,8507496:0:1
543,8507002:0:2
544,8507003:0:1
545,8507495:0:4
546,8508054:0:5
547,8507000:0:24
548,8507063:0:4
549,8589198:0:1
550,8507064:0:1
551,8507065:0:1
552,8507066:0:1
553,8507067:0:1
554,8507068:0:2
555,8507069:0:1
556,8507096:0:1
557,8507063:0:5
558,8508054:0:6
559,8507096:0:2
560,8507068:0:3
561,8507065:0:2
562,8507063
563,8507000:0:23
564,8508187:0:3
565,8508215:0:3
566,8508187
567,8500207:0:9
568,8508068:0:1
569,8508066:0:3
570,8508064:0:1
571,8508063:0:1
572,8508062:0:1
573,8508061:0:1
574,8508060:0:1
575,8508059:0:2
576,8507000:0:21
577,8508060:0:2
578,8508064:0:2
579,8508068:0:2
580,8500207:0:10
581,8508059:0:3
582,8504410:0:22
583,8508070:0:2
584,8508054:0:3
585,8508054:0:4
586,8508070:0:1
587,8504410:0:21
588,8508056:0:2
589,8508071:0:2
590,8508057:0:2
591,8508058:0:2
592,8508058:0:1
593,8508057:0:1
594,8508071:0:1
595,8508056:0:1
596,8507000:0:22
597,8506121:0:3
598,8506109:0:1
599,8506217:0:2
600,8506105:0:3
601,8506100:0:1
602,8506000:0:4
603,8503016:0:3
604,8503000:0:31
605,8506000:0:5
606,8507483:0:4
607,8503000:0:34
608,8503016:0:2
609,8506100:0:2
610,8506105:0:1
611,8506109:0:2
612,8501609:0:9
613,8507000:0:3
614,8504410:0:2
615,8507483:0:5
616,8508052:0:2
617,8508051:0:2
618,8508055:0:1
619,8508053:0:1
620,8508054:0:1
621,8508051:0:1
622,8508052:0:1
623,8508054:0:2
624,8501008:0:4
625,8501120:0:1
626,8504100:0:3
627,8501008:0:3
628,8501008:0:6
629,8504100:0:1
630,8519133:0:1
631,8504101:0:2
632,8504102:0:1
633,8504113:0:1
634,8504103:0:2
635,8504115:0:2
636,8504104:0:2
637,8504117:0:2
638,8504105:0:2
639,8504106:0:1
640,8504108:0:4
641,8516161:0:2
642,8507003:0:2
643,8507005:0:2
644,8507007
645,8507008:0:1
646,8507009:0:3
647,8507100:0:4
648,8507009:0:2
649,8507008:0:2
650,8507007:0:3
651,8507005:0:1
652,8507003:0:3
653,8507002:0:1
654,8516161:0:0
655,8507000:0:1CD
656,8504108:0:3
657,8504106:0:2
658,8504105:0:1
659,8504115:0:1
660,8504103:0:3
661,8504113:0:2
662,8504102:0:2
663,8504101:0:1
664,8519133:0:2
665,8507000:0:1AB
666,8504117:0:1
667,8504104:0:1
668,8504100:0:4
669,8504023:0:1
670,8504014:0:1
671,8505000:0:9
672,8504014:0:2
673,8504023:0:2
674,8508100:0:2
675,8508008:0:1
676,8508005:0:2
677,8508006:0:1
678,8508005:0:3
679,8508008:0:2
680,8508100:0:3
681,8504103:0:1
682,8504191:0:1
683,8504192:0:2
684,8504194
685,8504192:0:1
686,8508207:0:3
687,8508206
688,8508205:0:2
689,8508204
690,8508203:0:2
691,8508202:0:3
692,8508201:0:1
693,8508200
694,8508207:0:2
695,8508207:0:1
696,8508201:0:2
697,8508202:0:2
698,8508203:0:1
699,8508205:0:1
700,8508207
701,8516161:0:1
702,8507000:0:1A
703,8504300:0:10
704,8504416:0:2
705,8504441:0:2
706,8504415:0:2
707,8504414:0:3
708,8504413:0:4
709,8504412:0:2
710,8504411:0:2
711,8504300:0:9
712,8504300:0:10AB
713,8504410:0:3
714,8504411:0:1
715,8504412:0:3
716,8504413:0:3
717,8504414:0:1
718,8504415:0:3
719,8504441:0:1
720,8504416:0:3
721,8504410:0:1
722,8504300:0:7
723,8516161:0:5
724,8516161:0:3
725,8507079:0:1
726,8507078:0:3
727,8507093:0:1
728,8507077:0:1
729,8507092:0:1
730,8507076:0:2
731,8507000:0:12AB
732,8507076:0:1
733,8507077:0:2
734,8507093:0:2
735,8507079:0:2
736,8507078:0:2
737,8508265:0:3
738,8508080:0:2
739,8508081:0:3
740,8508005:0:1
741,8508003:0:2
742,8508001:0:4
743,8507092:0:2
744,8507076:0:3
745,8507075:0:2
746,8507074:0:2
747,8507073:0:1
748,8507072:0:2
749,8507071:0:1
750,8507070:0:2
751,8507094:0:1
752,8508266:0:1
753,8508005
754,8508004:0:2
755,8508005:0:4
756,8507100:0:5
757,8508001:0:3
758,8508003:0:1
759,8508081:0:2
760,8508080:0:3
761,8508266:0:2
762,8508267
763,8508268
764,8508269
765,8508004:0:1
766,8508267:0:2
767,8508265:0:2
768,8508005:0:11
769,8507070:0:3
770,8507072:0:1
771,8507074:0:1
772,8507075:0:1
773,8508005:0:5
774,8500207:0:6
775,8508089
776,8508088
777,8508087:0:3
778,8508086:0:1
779,8508085:0:1
780,8508084
781,8508083
782,8500207:0:5
783,8500207:0:3
784,8508267:0:1
785,8508271
786,8508272:0:242
787,8508005:0:4C
788,8508087:0:2
789,8508085:0:2
790,8508005:0:4AB
791,8508086:0:2
792,8500207
793,8504221:0:1
794,8504480:0:1
795,8504481:0:3
796,8504490:0:1
797,8504482:0:1
798,8504483:0:3
799,8504484:0:1
800,8504400:0:4
801,8504483:0:2
802,8504489:0:4
803,8516154:0:2
804,8504486:0:1
805,8504485
806,8504400:0:6
807,8504495:0:1
808,8504486:0:2
809,8516154:0:1
810,8504489:0:5
811,8504484:0:2
812,8504483:0:4
813,8504482:0:2
814,8504221:0:2
815,8504488:0:1
816,8504487:0:2
817,8504487:0:3
818,8504488:0:2
819,8504495:0:2
820,8500207:0:2
821,8504300:0:5
822,8504221:0:3
823,8504200:0:2
824,8501037:0:2
825,8501026:0:3
826,8501037:0:3
827,8504200:0:1
828,8504221:0:5
829,8504300:0:3
830,8500207:0:1
831,8500105:0:2
832,8500159:0:2
833,8504300:0:4
834,8500159:0:1
835,8504300:0:2
836,8504489:0:2
837,8504483:0:1
838,8504481:0:4
839,8504400:0:3
840,8504400:0:1
841,8504100
842,8504188:0:2
843,8504128:0:4
844,8504186:0:1
845,8504185:0:2
846,8504184:0:2
847,8504183:0:1
848,8504182:0:1
849,8504181:0:2
850,8504100:0:5
851,8504182:0:2
852,8504183:0:2
853,8504128:0:3
854,8504140
855,8504200:0:3
856,8504144:0:1
857,8504130:0:2
858,8504131:0:2
859,8504132:0:1
860,8504133:0:1
861,8504134:0:4
862,8504134:0:1
863,8504130:0:1
864,8504131:0:1
865,8504134:0:5
866,8504135
867,8504136
868,8504137:0:1
869,8504138:0:1
870,8504139
871,8504138:0:2
872,8504134:0:2
873,8504023:0:3
874,8504024:0:1
875,8504025:0:4
876,8504026:0:1
877,8504027:0:1
878,8504028:0:3
879,8504029:0:1
880,8504030:0:1
881,8504023:0:4
882,8504030:0:2
883,8504029:0:2
884,8504028:0:4
885,8504027:0:2
886,8504026:0:2
887,8504025:0:3
888,8504024:0:2
889,8504023:0:6
890,8504129:0:1
891,8504128:0:1
892,8504126
893,8504134:0:3
894,8504125:0:1
895,8504123:0:1
896,8504124:0:2
897,8504127:0:2
898,8504086:0:4
899,8504079
900,8504078
901,8504077
902,8504075
903,8504074
904,8504073
905,8504072
906,8504071
907,8504070
908,8504086
909,8504086:0:6
910,8504066
911,8504065
912,8504064
913,8504063
914,8504062
915,8504061
916,8504060
917,8504014:0:12
918,8504014
919,8504086:0:5
920,8504067
921,8504068
922,8504069
923,8504088
924,8504089
925,8504128:0:2
926,8503225:0:6
927,8503226
928,8503227:0:1
929,8503228:0:1
930,8503230:0:1
931,8503231:0:1
932,8503232:0:2
933,8503233:0:2
934,8503234:0:1
935,8503235:0:1
936,8503236:0:1
937,8503237:0:1
938,8503238:0:1
939,8503240:0:1
940,8503239
941,8503225:0:7
942,8503225:0:9
943,8503230:0:2
944,8503233:0:3
945,8503225:0:5
946,8503221:0:3
947,8503220:0:3
948,8503209:0:3
949,8503206:0:2
950,8503000:0:5
951,8503206:0:3
952,8503209:0:5
953,8503220:0:2
954,8503221:0:4
955,8503224:0:3
956,8503223:0:3
957,8503222:0:1
958,8503225:0:8
959,8503222:0:2
960,8503223:0:4
961,8503224:0:4
962,8503225:0:10
963,8503110:0:5
964,8503113:0:1
965,8503115:0:1
966,8503116:0:2
967,8503118:0:1
968,8503119:0:1
969,8503110:0:2
970,8503110:0:4
971,8503115:0:2
972,8509002:0:8
973,8509056
974,8509055
975,8509054
976,8509053:0:1
977,8509006
978,8509000:0:11
979,8509050:0:1
980,8509180
981,8509181:0:2
982,8509182:0:1
983,8509183:0:4
984,8509184:0:1
985,8509185:0:2
986,8509186
987,8509187
988,8509188
989,8509189:0:1
990,8509057:0:1
991,8509058
992,8509059
993,8509060:0:1
994,8509000:0:13
995,8509185:0:1
996,8509189
997,8509000
998,8509184:0:2
999,8509002:0:6
1000,8509051
1001,8509000:0:12
1002,8509183:0:3
1003,8509182:0:2
1004,8509181:0:1
1005,8509050:0:2
1006,8509000:0:4
1007,8509002:0:3
1008,8509003:0:2
1009,8509004:0:3
1010,8509411:0:4
1011,8509411:0:3
1012,8509411:0:6
1013,8509002:0:4
1014,8509000:0:5
1015,8509411:0:7
1016,8509004:0:4
1017,8509003:0:1
1018,8509002:0:2
1019,8509000:0:14
1020,8509000:0:10
1021,8509000:0:8
1022,8509411:0:2
1023,8509000:0:9
1024,8509411:0:5
1025,8509000:0:7
1026,8503000:0:4
1027,8508391:0:2
1028,8508390:0:2
1029,8508318:0:2
1030,8508319:0:3
1031,8516351:0:2
1032,8508321
1033,8505000:0:14
1034,8508392:0:2
1035,8508391:0:1
1036,8508321:0:1
1037,8516351:0:1
1038,8508319:0:2
1039,8508390:0:3
1040,8508318:0:1
1041,8505000:0:12
1042,8505000:0:13
1043,8508216:0:1
1044,8508217
1045,8508218:0:3
1046,8508219
1047,8505000:0:11
1048,8505000:0:2
1049,8508218:0:2
1050,8508213
1051,8508212:0:1
1052,8508211:0:3
1053,8508210
1054,8508208
1055,8508215:0:3C
1056,8508215:0:2C
1057,8508211:0:2
1058,8503202:0:4
1059,8502206:0:1
1060,8502204:0:4
1061,8502203:0:3
1062,8502202:0:2
1063,8502201:0:1
1064,8502200:0:3
1065,8502200:0:4
1066,8502201:0:2
1067,8502202:0:3
1068,8502204:0:5
1069,8502206:0:3
1070,8503202:0:5
1071,8502010:0:2
1072,8502006:0:2
1073,8502005:0:2
1074,8502004:0:3
1075,8502003:0:2
1076,8502002:0:2
1077,8502000:0:2
1078,8502007:0:2AB
1079,8502002:0:3
1080,8502003:0:1
1081,8502004:0:2
1082,8502005:0:3
1083,8502006:0:1
1084,8502010:0:1
1085,8502007:0:2
1086,8502021:0:1
1087,8502028:0:1
1088,8502017:0:1
1089,8502022:0:2
1090,8502023:0:1
1091,8502042:0:1
1092,8502024:0:2
1093,8516353:0:1
1094,8502025:0:2
1095,8502026:0:1
1096,8502027:0:2
1097,8502019:0:1
1098,8502029:0:1
1099,8502022:0:3
1100,8502027:0:1
1101,8502024:0:1
1102,8502017:0:2
1103,8502028:0:2
1104,8502021:0:2
1105,8502034
1106,8502012:0:2
1107,8502020:0:1
1108,8502009:0:2
1109,8502008:0:1
1110,8502011:0:2
1111,8502011:0:1
1112,8502008:0:2
1113,8502009:0:1
1114,8502020:0:2
1115,8502012:0:1
1116,8516350:0:2
1117,8515997:0:2
1118,8515996:0:1
1119,8502203:0:2
1120,8515995:0:1
1121,8502230:0:1
1122,8516187:0:1
1123,8515993:0:3
1124,8515992:0:2
1125,8502206:0:2
1126,8502007:0:2CD
1127,8502306:0:1
1128,8502202:0:1
1129,8515992:0:1
1130,8515993:0:2
1131,8516187:0:2
1132,8502230:0:2
1133,8515995:0:2
1134,8515996:0:2
1135,8515997:0:1
1136,8516350:0:1
1137,8502306:0:2
1138,8502204:0:6
1139,8502204
1140,8508318:0:3
1141,8508317:0:2
1142,8508316:0:1
1143,8508323:0:2
1144,8508314:0:2
1145,8508313:0:2
1146,8508327:0:1
1147,8508312:0:4
1148,8505000:0:15
1149,8508312:0:5
1150,8508312:0:1
1151,8508312:0:3
1152,8508317:0:1
1153,8508313:0:1
1154,8508314:0:1
1155,8508323:0:1
1156,8508320:0:1
1157,8508392:0:1
1158,8508394:0:1
1159,8508384:0:1
1160,8506302:0:1
1161,8506210:0:4
1162,8506209:0:1
1163,8506208:0:3
1164,8506206:0:2
1165,8506000:0:3
1166,8503000:0:32
1167,8503016:0:1
1168,8506206:0:1
1169,8506208:0:4
1170,8506209:0:2
1171,8506210:0:3
1172,8506311:0:5
1173,8506322:0:1
1174,8506305:0:1
1175,8506304:0:1
1176,8506303:0:3
1177,8506302:0:2
1178,8506301:0:2
1179,8506300
1180,8506206:0:3
1181,8506300:0:1
1182,8506311:0:2
1183,8506206:0:4
1184,8506302:0:4
1185,8506206:0:6
1186,8506301:0:1
1187,8506395:0:2
1188,8506396:0:1
1189,8506397:0:1
1190,8506398:0:3
1191,8506121:0:5
1192,8506398:0:2
1193,8506121:0:1
1194,8506304:0:2
1195,8506305:0:2
1196,8506311:0:4
1197,8506300:0:2
1198,8506210:0:1
1199,8506206:0:5
1200,8506319:0:1
1201,8506318:0:1
1202,8506317:0:1
1203,8506316:0:1
1204,8506314:0:1
1205,8506313:0:1
1206,8506312:0:1
1207,8506312:0:2
1208,8506319:0:3
1209,8506313:0:2
1210,8506314:0:2
1211,8506317:0:2
1212,8503116:0:3
1213,8509418:0:1
1214,8509417:0:2
1215,8509416:0:2
1216,8509415:0:2
1217,8509414:0:3
1218,8509413:0:4
1219,8509412:0:4
1220,8509412:0:3
1221,8509413:0:3
1222,8509414:0:4
1223,8509415:0:1
1224,8509416:0:1
1225,8509417:0:1
1226,8506200:0:2
1227,8503117
1228,8506290:0:3
1229,8506291:0:1
1230,8506292:0:3
1231,8506293:0:2
1232,8506294:0:2
1233,8506201:0:2
1234,8506200:0:4
1235,8506292:0:2
1236,8509406:0:1
1237,8509404:0:1
1238,8509402:0:1
1239,8509401:0:1
1240,8509400:0:2
1241,8509400:0:1
1242,8509404:0:2
1243,8506200:0:1
1244,8500202:0:1
1245,8500212:0:3
1246,8500212:0:4
1247,8500202:0:2
1248,8501120:0:4
1249,8501120:0:8
1250,8501120:0:7
1251,8503116:0:1
1252,8506299:0:1
1253,8506298:0:1
1254,8506297:0:1
1255,8506394:0:2
1256,8506395:0:3
1257,8506121:0:4
1258,8506394:0:1
1259,8506396:0:2
1260,8506200:0:5
1261,8506200:0:3
1262,8506201:0:1
1263,8506202:0:1
1264,8506203:0:2
1265,8506204:0:1
1266,8506205:0:1
1267,8506203:0:1
1268,8506206
1269,8503424:0:1
1270,8503423:0:3
1271,8518924:0:1
1272,8503421:0:1
1273,8503424:0:4
1274,8503423:0:2
1275,8503424:0:2
1276,8503424:0:3
1277,8014490
1278,8014487
1279,8503424:0:5
1280,8503000:0:7
1281,8014558
1282,8505007:0:2
1283,8505006:0:3
1284,8505005:0:2
1285,8505004:0:4
1286,8502205:0:2
1287,8517112:0:1
1288,8502231:0:1
1289,8515994:0:1
1290,8517527:0:1
1291,8502300:0:1
1292,8502204:0:3
1293,8505112:0:1
1294,8505111:0:2
1295,8505007:0:4
1296,8502204:0:2
1297,8515993:0:1
1298,8502231:0:2
1299,8502205:0:3
1300,8505004:0:3
1301,8505005:0:1
1302,8505006:0:2
1303,8505007:0:5
1304,8505111:0:1
1305,8503209:0:2
1306,8503211:0:2
1307,8505004:0:5
1308,8505112:0:3
1309,8505114:0:2
1310,8505114:0:1
1311,8505112:0:2
1312,8505113:0:1
1313,8505004:0:6
1314,8505003:0:2
1315,8505002:0:2
1316,8505011:0:1
1317,8505001
1318,8505018:0:1
1319,8517336:0:2
1320,8505002:0:1
1321,8505003:0:3
1322,8517336:0:1
1323,8505004:0:2
1324,8503280:0:2
1325,8503281:0:3
1326,8503290
1327,8503282:0:3
1328,8503292:0:2
1329,8503284:0:4
1330,8503281:0:2
1331,8503292:0:1
1332,8503280:0:1
1333,8503282:0:2
1334,8503284:0:5
1335,8505003:0:4
1336,8503299:0:1
1337,8503209:0:6
1338,8503289:0:1
1339,8503295
1340,8503288:0:3
1341,8503294
1342,8503286:0:3
1343,8503288:0:2
1344,8503283:0:6
1345,8503284:0:2
1346,8503285:0:2
1347,8503286:0:2
1348,8503110:0:6
1349,8503283:0:4
1350,8503283:0:7
1351,8503284:0:3
1352,8503285:0:3
1353,8503289:0:2
1354,8503110:0:7
1355,8505114:0:4
1356,8503110:0:3
1357,8502113:0:6CD
1358,8501030:0:2
1359,8301310
1360,8301307
1361,8505307:0:4
1362,8505306:0:2
1363,8505305:0:4
1364,8505307:0:7
1365,8517519:0:2
1366,8516013
1367,8301203
1368,8301204
1369,8301205
1370,8301030
1371,8301031
1372,8325631
1373,8319371
1374,8325635
1375,8320005
1376,8517519:0:1
1377,8505305:0:5
1378,8505306:0:1
1379,8505307:0:2
1380,8518475:0:2
1381,8505304:0:1
1382,8505303:0:3
1383,8505302:0:3
1384,8505301:0:2
1385,8505300:0:4
1386,8505219:0:2
1387,8505218:0:3
1388,8505217:0:2
1389,8505216:0:3
1390,8505214:0:4
1391,8505213:0:4
1392,8505213:0:3
1393,8505391
1394,8505399
1395,8530790
1396,8505393
1397,8530789
1398,8505394
1399,8505390
1400,8505395
1401,8505392
1402,8505396
1403,8505397
1404,8505398
1405,8505305:0:3
1406,8505213:0:6
1407,8505214
1408,8505300:0:1
1409,8505301:0:1
1410,8505302:0:4
1411,8505303:0:4
1412,8505304:0:2
1413,8518475:0:1
1414,8505305:0:2
1415,8505307:0:5
1416,8505300:0:2
1417,8505305:0:1
1418,8505214:0:3
1419,8505214:0:2
1420,8505216:0:4
1421,8505217:0:1
1422,8505218:0:2
1423,8505219:0:1
1424,8505217
1425,8505213
1426,8505304:0:3
1427,8301312
1428,8301313
1429,8301315
1430,8301316
1431,8301318
1432,8301320
1433,8301321
1434,8301322
1435,8301325
1436,8301326
1437,8301700
1438,8505213:0:2
1439,8505300:0:3
1440,8505213:0:1
1441,8505400:0:1
1442,8505401:0:2
1443,8505402:0:1
1444,8505412:0:1
1445,8505404:0:3
1446,8505415:0:2
1447,8505214:0:6
1448,8505212:0:3
1449,8505209:0:3
1450,8505400:0:2
1451,8505400:0:3
1452,8505209
1453,8505212:0:2
1454,8505214:0:5
1455,8505415:0:1
1456,8505404:0:2
1457,8505401:0:3
1458,8505212:0:1
1459,8505400:0:4
1460,8505201:0:1
1461,8505202:0:3
1462,8505204:0:2
1463,8505205:0:1
1464,8505207:0:2
1465,8505209:0:2
1466,8505209:0:1
1467,8505204:0:3
1468,8505202:0:2
1469,8505404:0:1
1470,8505405:0:1
1471,8505406
1472,8505407
1473,8505410:0:1
1474,8505408
1475,8505862:0:2
1476,8505861:0:2
1477,8505874
1478,8301113:0:1
1479,8301116
1480,8301117
1481,8301118
1482,8301140
1483,8301141
1484,8301142
1485,8301143
1486,8301144
1487,8301145
1488,8505408:0:2
1489,8505408:0:1
1490,8301113:0:2
1491,8506105:0:5
1492,8506190:0:2
1493,8506185
1494,8506184
1495,8506183:0:1
1496,8506168:0:1
1497,8506182:0:1
1498,8506188:0:1
1499,8506181:0:1
1500,8506105:0:15
1501,8506183:0:2
1502,8506105:0:4
1503,8506105:0:14
1504,8506193
1505,8506194:0:2
1506,8506195
1507,8506196
1508,8506197
1509,8506198:0:1
1510,8506131:0:2
1511,8014586:0:3
1512,8506198:0:2
1513,8506131:0:3
1514,8506131:0:2A
1515,8506131:0:1B
1516,8506194:0:1
1517,8506128:0:3
1518,8506131:0:1
1519,8506131:0:3A
1520,8506206:0:11
1521,8506178
1522,8506170
1523,8506177
1524,8506176
1525,8506169
1526,8506175
1527,8506174
1528,8506173
1529,8506172
1530,8506179
1531,8506171
1532,8506100:0:11
1533,8506206:0:12
1534,8503003:0:3
1535,8506000:0:6
1536,8506016:0:4
1537,8506217:0:1
1538,8506016:0:3
1539,8503003:0:2
1540,8506108:0:1
1541,8506107:0:1
1542,8506106:0:3
1543,8506017:0:2
1544,8506018:0:2
1545,8506019:0:3
1546,8506101:0:2
1547,8506102:0:2
1548,8506103:0:2
1549,8506104:0:2
1550,8506106:0:22
1551,8506107:0:2
1552,8506108:0:2
1553,8506104:0:3
1554,8506103:0:3
1555,8506102:0:1
1556,8506101:0:3
1557,8506019:0:2
1558,8506018:0:3
1559,8506017:0:3
1560,8506000:0:9
1561,8506000:0:7
1562,8506121:0:2
1563,8506000
1564,8506217:0:3
1565,8506216:0:1
1566,8506215:0:3
1567,8506214:0:1
1568,8506213
1569,8506212
1570,8506211:0:2
1571,8506302:0:3A
1572,8506309:0:1
1573,8516270:0:1
1574,8506308
1575,8516271:0:1
1576,8506307:0:2
1577,8506306:0:2
1578,8506311:0:3
1579,8506311
1580,8506307:0:1
1581,8506105
1582,8503016:0:4
1583,8506000:0:8
1584,8503425
1585,8503426:0:1
1586,8503427
1587,8506148:0:1
1588,8503428
1589,8503429:0:1
1590,8506025
1591,8506139:0:3
1592,8506138
1593,8506137
1594,8506136
1595,8506135:0:1
1596,8506134:0:1
1597,8506133
1598,8506118:0:1
1599,8506132
1600,8506135:0:2
1601,8506139:0:2
1602,8506122:0:1
1603,8506123:0:1
1604,8506124
1605,8506125:0:1
1606,8588122:0:1
1607,8506143:0:1
1608,8506126
1609,8506127:0:1
1610,8506119:0:1
1611,8506128:0:1
1612,8506131:0:3B
1613,8503424
1614,8506125:0:2
1615,8506131:0:2B
1616,8506121
1617,8506398
1618,8505113:0:4
1619,8505119:0:3
1620,8518452:0:1
1621,8501118:0:1
1622,8501117:0:4
1623,8501116:0:2
1624,8501115:0:1
1625,8501114:0:1
1626,8501113:0:1
1627,8501112:0:2
1628,8501111:0:2
1629,8501110:0:2
1630,8504201:0:1
1631,8501120:0:9
1632,8501120:0:6
1633,8501110:0:1
1634,8501111:0:1
1635,8501112:0:3
1636,8501113:0:2
1637,8501114:0:2
1638,8501115:0:2
1639,8501116:0:1
1640,8501117:0:3
1641,8501118:0:4
1642,8518452:0:3
1643,8501026:0:4
1644,8501030:0:1
1645,8501096
1646,8501095
1647,8501085
1648,8501094
1649,8501083
1650,8501082
1651,8501093
1652,8501092
1653,8501080
1654,8501091
1655,8501081
1656,8501090
1657,8501054
1658,8501037:0:5
1659,8501099
1660,8501098
1661,8501097
1662,8501089
1663,8501088
1664,8501087
1665,8501084
1666,8501103:0:5
1667,8501104:0:2
1668,8501105:0:1
1669,8501106:0:2
1670,8501107:0:1
1671,8501108:0:2
1672,8501120:0:3
1673,8501121:0:2
1674,8501122:0:2
1675,8501123:0:2
1676,8501124:0:1
1677,8501125:0:1
1678,8501126:0:1
1679,8501127:0:1
1680,8501200:0:2
1681,8501201:0:2
1682,8501202:0:2
1683,8501203:0:2
1684,8501300:0:3
1685,8501301:0:2
1686,8501302:0:1
1687,8501303:0:3
1688,8501103:0:1
1689,8501303:0:2
1690,8501304:0:1
1691,8501400:0:1
1692,8501402:0:1
1693,8501403:0:4
1694,8501302:0:2
1695,8501301:0:1
1696,8501300:0:1
1697,8501203:0:1
1698,8501202:0:1
1699,8501201:0:1
1700,8501200:0:1
1701,8501127:0:2
1702,8501126:0:2
1703,8501125:0:2
1704,8501124:0:2
1705,8501123:0:1
1706,8501122:0:1
1707,8501121:0:1
1708,8501108:0:1
1709,8501107:0:2
1710,8501106:0:1
1711,8501105:0:2
1712,8501104:0:1
1713,8501103:0:3
1714,8501103
1715,8501402:0:2
1716,8501400:0:2
1717,8501304:0:2
1718,8501303:0:1
1719,8501118:0:2
1720,8501045:0:1
1721,8501048:0:1
1722,8501047:0:1
1723,8501036:0:1
1724,8501042:0:1
1725,8501035:0:3
1726,8501042:0:2
1727,8501036:0:2
1728,8501047:0:2
1729,8501048:0:2
1730,8501045:0:2
1731,8501118:0:3
1732,8501120:0:70
1733,8504012:0:1
1734,8504014:0:3
1735,8504007:0:1
1736,8504012:0:2
1737,8504011:0:3
1738,8504003:0:2
1739,8504010:0:2
1740,8504000:0:1
1741,8504000:0:2
1742,8504010:0:1
1743,8504003:0:1
1744,8504011:0:2
1745,8504007:0:2
1746,8501035:0:1
1747,8504020:0:1
1748,8504021:0:1
1749,8504021:0:2
1750,8504020:0:2
1751,8504221:0:4
1752,8504300
1753,8501115
1754,8504013:0:1
1755,8504040:0:1
1756,8504015:0:1
1757,8501200:0:4
1758,8501200:0:5
1759,8504012:0:3
1760,8504016
1761,8504017:0:1
1762,8504018:0:1
1763,8504120
1764,8504121
1765,8504122:0:1
1766,8504018:0:2
1767,8504141:0:220
1768,8501605:0:5
1769,8501601:0:1
1770,8501509:0:3
1771,8501506:0:3
1772,8501500:0:1
1773,8501403:0:2
1774,8501026:0:1
1775,8501403:0:1
1776,8501500:0:2
1777,8501506:0:2
1778,8501509:0:2
1779,8501031:0:3
1780,8501023:0:2
1781,8501035:0:2
1782,8501033:0:2
1783,8501500:0:3
1784,8501506:0:1
1785,8501023:0:3
1786,8501031:0:1
1787,8501033:0:1
1788,8501037:0:1
1789,8501037:0:4
1790,8501403:0:3
1791,8501026
1792,8501601:0:2
1793,8503010:0:1
1794,8503010:0:2
1795,8503000:0:3
1796,8503147:0:2
1797,8503306:0:1
1798,8503305:0:1
1799,8503505:0:4
1800,8503511:0:2
1801,8503305:0:3
1802,8503306:0:3
1803,8503147:0:1
1804,8503003:0:1
1805,8503000:0:33
1806,8503088:0:22
1807,8503090
1808,8503051
1809,8503052
1810,8503053
1811,8503054
1812,8503055
1813,8503056
1814,8503057
1815,8503020:0:3
1816,8503006:0:8
1817,8503310:0:3
1818,8503400:0:2
1819,8506048:0:2
1820,8503001:0:2
1821,8506047:0:1
1822,8503310:0:2
1823,8503006:0:5
1824,8503020:0:2
1825,8506014:0:3
1826,8506013:0:1
1827,8506011:0:1
1828,8506048:0:1
1829,8506038:0:1
1830,8506036:0:1
1831,8506020:0:1
1832,8506001:0:5
1833,8506002:0:1
1834,8506001:0:4
1835,8500309:0:5B
1836,8500309
1837,8503293
1838,8503287:0:2
1839,8503206:0:1
1840,8503287:0:1
1841,8503006:0:2
1842,8503129:0:3
1843,8503128:0:4
1844,8503127:0:2
1845,8503126:0:1
1846,8503125:0:2
1847,8503124:0:1
1848,8503123:0:2
1849,8503130:0:2
1850,8503120:0:2
1851,8503121:0:1
1852,8503122:0:2
1853,8503123:0:3
1854,8503125:0:1
1855,8503126:0:2
1856,8503127:0:3
1857,8503128:0:3
1858,8503129:0:4
1859,8503006:0:1
1860,8502224:0:3
1861,8502223:0:2
1862,8502222:0:3
1863,8502221:0:1
1864,8502229:0:2
1865,8502220:0:2
1866,8503130:0:3
1867,8502221:0:2
1868,8502224:0:2
1869,8503123:0:4
1870,8503124:0:2
1871,8502220:0:1
1872,8502229:0:1
1873,8502222:0:2
1874,8502223:0:1
1875,8502224:0:1
1876,8503312:0:3
1877,8503314:0:1
1878,8503315:0:2
1879,8503316:0:1
1880,8503317:0:1
1881,8503318:0:1
1882,8503319:0:1
1883,8503006:0:7
1884,8503311:0:3
1885,8503315:0:3
1886,8503311:0:4
1887,8503006:0:6
1888,8503123:0:5
1889,8503122:0:3
1890,8503121:0:2
1891,8503120:0:1
1892,8503110:0:1
1893,8503004:0:2
1894,8503100:0:2
1895,8503141:0:1
1896,8503101:0:4
1897,8503102:0:3
1898,8503111:0:2
1899,8503103:0:3
1900,8503104:0:2
1901,8503105:0:2
1902,8503106:0:1
1903,8503107:0:4
1904,8503108:0:2
1905,8503109:0:3
1906,8503112:0:1
1907,8503108:0:3
1908,8503107:0:3
1909,8503105:0:1
1910,8503104:0:3
1911,8503111:0:1
1912,8503102:0:2
1913,8503101:0:3
1914,8503141:0:2
1915,8503100:0:3
1916,8503004:0:1
1917,8503103:0:2
1918,8503059
1919,8530813
1920,8530812
1921,8591429
1922,8530811
1923,8591315
1924,8503078
1925,8503077
1926,8503067
1927,8503075
1928,8503066
1929,8503068
1930,8503074
1931,8503065:0:2
1932,8503064
1933,8503072
1934,8503063
1935,8503062
1936,8590601
1937,8590648
1938,8590722
1939,8590785
1940,8590613
1941,8590711
1942,8576226
1943,8576225
1944,8503065:0:1
1945,8503060
1946,8503070
1947,8503061
1948,8591104
1949,8503065
1950,8503065:0:3
1951,8503508:0:1
1952,8503305:0:6
1953,8503303:0:2
1954,8503302:0:2
1955,8503301:0:1
1956,8503302:0:1
1957,8503303:0:1
1958,8503306:0:2
1959,8503211:0:1
1960,8503207:0:1
1961,8503204:0:3
1962,8503202:0:6
1963,8503011:0:2
1964,8503006:0:3
1965,8503011:0:1
1966,8503202:0:3
1967,8503204:0:4
1968,8503207:0:2
1969,8503225
1970,8503225:0:7B
1971,8503526:0:3
1972,8503008:0:2
1973,8503008:0:1
1974,8503401:0:1
1975,8503402:0:2
1976,8503403:0:3
1977,8503404:0:3
1978,8503420:0:1
1979,8503421:0:3
1980,8506011:0:2
1981,8506013:0:2
1982,8506014:0:2
1983,8503009:0:4
1984,8503200:0:1
1985,8503201:0:1
1986,8502209:0:2
1987,8502208:0:3
1988,8503015:0:1
1989,8503307:0:2
1990,8503305:0:2
1991,8506047:0:2
1992,8503006:0:4
1993,8503015:0:2
1994,8502204:0:1
1995,8502208:0:4
1996,8502209:0:1
1997,8503201:0:2
1998,8503200:0:2
1999,8503009:0:3
2000,8502204:0:6B
2001,8503307:0:3
2002,8503134:0:1
2003,8503135
2004,8503136:0:2
2005,8503137
2006,8503138:0:1
2007,8503139:0:1
2008,8503121:0:3
2009,8503139:0:2
2010,8506000:0:2
2011,8506002:0:2
2012,8506003:0:1
2013,8506004:0:1
2014,8506005:0:2
2015,8506006:0:1
2016,8506007:0:1
2017,8506008:0:2
2018,8506009:0:1
2019,8503136:0:1
2020,8506008:0:1
2021,8506005:0:1
2022,8506024:0:1
2023,8506023
2024,8506022
2025,8506021
2026,8506139:0:1
2027,8506024:0:2
2028,8503301:0:2
2029,8503300:0:1
2030,8503123:0:1
2031,8503305:0:5
2032,8502113:0:4CD
2033,8506049:0:1
2034,8506046:0:1
2035,8506045:0:2
2036,8506045:0:1
2037,8506046:0:2
2038,8506049:0:2
2039,8506039:0:1
2040,8506000:0:1
2041,8506001:0:7
2042,8516218:0:2
2043,8506015:0:2
2044,8506035:0:2
2045,8506012:0:1
2046,8506010:0:1
2047,8506010:0:2
2048,8506012:0:2
2049,8506035:0:1
2050,8506015:0:1
2051,8516218:0:1
2052,8506001:0:6
2053,8500010:0:9AB
2054,8500010:0:5AB
2055,8503097
2056,8503089
2057,8503099
2058,8503096
2059,8503095
2060,8503094
2061,8503093
2062,8503086
2063,8503087
2064,8503091
2065,8503088:0:21
2066,8503098
2067,8506044
2068,8506043
2069,8506042
2070,8506041
2071,8503400:0:4
2072,8503402:0:3
2073,8503405
2074,8503413:0:1
2075,8503415:0:1
2076,8503414:0:1
2077,8503408:0:6
2078,8503400:0:6
2079,8502225:0:1
2080,8502226:0:1
2081,8502226:0:2
2082,8502227:0:2
2083,8518459
2084,8502204:0:7
2085,8502227:0:3
2086,8503004:0:3
2087,8503007:0:2
2088,8503007:0:3
2089,8503529:0:3
2090,8503528:0:1
2091,8503525:0:1
2092,8503527:0:1
2093,8503105:0:3
2094,8503526:0:4
2095,8503529:0:2
2096,8503340:0:1
2097,8503309:0:1
2098,8503308:0:3
2099,8503307:0:1
2100,8503308:0:4
2101,8503340:0:2
2102,8503304:0:2
2103,8503304:0:3
2104,8503109:0:2
2105,8503110
2106,8503203:0:2
2107,8503205:0:4
2108,8503208:0:1
2109,8503210:0:1
2110,8503210:0:2
2111,8503208:0:2
2112,8503205:0:3
2113,8503203:0:1
2114,8503209:0:7
2115,8503312:0:2
2116,8503313:0:5
2117,8503400:0:3
2118,8503313:0:6
2119,8503312:0:1
2120,8503125:0:3
2121,8503400:0:1
2122,8503421:0:2
2123,8503404:0:4
2124,8503403:0:4
2125,8503402:0:1
2126,8503401:0:2
2127,8011068
2128,8302593
2129,8101236
2130,8509404:0:4
2131,8509404:0:3
2132,8506314:0:3
2133,8507478:0:3
2134,8507475:0:1
2135,8507474:0:2
2136,8718206
2137,8500010:0:7AB
2138,8500010:0:33
2139,8500010:0:35
2140,8500010:0:31
2141,8771513
2142,8501120
2143,8501008:0:7
2144,8774500
2145,8501008:0:8
2146,8501103:0:4
2147,8500010:0:7CD
2148,8509189:0:3
2149,8509192
2150,8509193
2151,8509194
2152,8509195:0:2
2153,8509197
2154,8509198
2155,8509199
2156,8509250
2157,8509251:0:2
2158,8509252
2159,8509253:0:2
2160,8508399:0:1
2161,8508396:0:1
2162,8508394:0:2
2163,8507290:0:5
2164,8507272:0:1
2165,8507271
2166,8501399:0:2
2167,8501398
2168,8501397
2169,8501394:0:1
2170,8501392
2171,8501379
2172,8501377
2173,8501376
2174,8501375
2175,8501300:0:6
2176,8508399:0:2
2177,8508399:0:3
2178,8504221:0:6
2179,8507273
2180,8501300:0:5
2181,8501394:0:3
2182,8501399:0:1
2183,8507272:0:2
2184,8507492:0:4
2185,8508301:0:2
2186,8508302:0:1
2187,8508303:0:2
2188,8508304:0:1
2189,8508329:0:1
2190,8508305:0:1
2191,8508306:0:3
2192,8508308:0:2
2193,8508309:0:2
2194,8508310:0:1
2195,8508311:0:1
2196,8508308:0:1
2197,8508306:0:2
2198,8508303:0:3
2199,8508308:0:3
2200,8508309:0:1
2201,8508305:0:2
2202,8505119:0:2
2203,8505201:0:2
2204,8505201:0:3
2205,8509253:0:1
2206,8509195:0:1
2207,8509189:0:2
2208,8502213
2209,8502272
2210,8502274:0:1
2211,8502275:0:1
2212,8502268:0:1
2213,8502270:0:1
2214,8517376:0:1
2215,8502248:0:1
2216,8502185:0:1
2217,8505063
2218,8505062
2219,8505064
2220,8505065
2221,8505066
2222,8505067
2223,8505068
2224,8505069
2225,8501552
2226,8530832
2227,8507492:0:2A
2228,8507388:0:2
2229,8507389:0:3
2230,8507384:0:2
2231,8507492:0:1
2232,8501200:0:7
2233,8501281
2234,8501306
2235,8501578
2236,8501577
2237,8501576
2238,8504231:0:1
2239,8504232
2240,8504221:0:7
2241,8504314:0:6
2242,8504315:0:1
2243,8504316:0:2
2244,8504316:0:1
2245,8507364
2246,8507361
2247,8507374
2248,8501181
2249,8501160
2250,8501161
2251,8501162
2252,8501163
2253,8501164
2254,8501165
2255,8501167
2256,8501166
2257,8501168
2258,8501170
2259,8501169
2260,8587727
2261,8501171
2262,8501172
2263,8501173
2264,8501174
2265,8501178
2266,8501175
2267,8501176
2268,8501177
2269,8507378
2270,8507560
2271,8507379
2272,8508350
2273,8508351
2274,8508352
2275,8508456
2276,8508449
2277,8508458
2278,8505119:0:11
2279,8505165
2280,8505119:0:13
2281,8505165:0:4
2282,8509253:0:3
2283,8509251:0:3AB
2284,8509253:0:7
2285,8509350
2286,8509351
2287,8509255:0:4
2288,8509352
2289,8509353
2290,8509354
2291,8519370
2292,8509373
2293,8509356
2294,8509357
2295,8509358
2296,8509359
2297,8509361:0:1
2298,8509363
2299,8509364
2300,8509365
2301,8509366
2302,8509367
2303,8509368:0:1
2304,8509369:0:3
2305,8509369:0:4
2306,8509253:0:6
2307,8509368:0:2
2308,8509361:0:2
2309,8509255:0:3
2310,8505470
2311,8505471
2312,8505472
2313,8505467
2314,8505473
2315,8505491
2316,8505492
2317,8505493
2318,8505494
2319,8505495
2320,8505496
2321,8505497
2322,8505498
2323,8505499
2324,8505580
2325,8505572
2326,8505584
2327,8505578
2328,8505594
2329,8505581
2330,8505586
2331,8505585
2332,8505590
2333,8505599
2334,8505597
2335,8505588
2336,1322055
2337,8301003
2338,8501400:0:13/14
2339,8501554
2340,8501468
2341,8517484
2342,8501470
2343,8501471
2344,8501472
2345,8501469
2346,8501473
2347,8501474
2348,8501475
2349,8517485
2350,8501476
2351,8593775
2352,8593776
2353,8501477
2354,8593773
2355,8593774
2356,8501479
2357,8500191
2358,8500169
2359,8500190
2360,8500174
2361,8500175
2362,8500176
2363,8500177
2364,8500180
2365,8500181
2366,8500178
2367,8500179
2368,8500184
2369,8504314
2370,8500123
2371,8500199
2372,8500196
2373,8500195
2374,8500194
2375,8500192
2376,8501030:0:21/22
2377,8501059
2378,8501053
2379,8501069
2380,8501068
2381,8501067
2382,8501066
2383,8501056
2384,8501058
2385,8501065
2386,8501064
2387,8501063
2388,8501057
2389,8501062
2390,8519077
2391,8501055
2392,8501061
2393,8501060
2394,8501260
2395,8501261
2396,8501262
2397,8501263
2398,8501280
2399,8501264
2400,8501265
2401,8501266
2402,8501282
2403,8501283
2404,8501284
2405,8530261
2406,8501285
2407,8501286
2408,8501287
2409,8501288
2410,8509179:0:2
2411,8509178
2412,8509177
2413,8509176
2414,8509175
2415,8509174
2416,8509173
2417,8509171
2418,8509170
2419,8509169
2420,8509168
2421,8509167
2422,8509179:0:1
2423,8509268:0:2
2424,8509266
2425,8509265
2426,8509264
2427,8509269:0:3
2428,8509068:0:3
2429,8509067
2430,8509065
2431,8509064:0:2
2432,8509063
2433,8509062
2434,8509061
2435,8509060:0:3
2436,8509002:0:5
2437,8505589
2438,8505596
2439,8505593
2440,8501402:0:Pl
2441,8530523
2442,8501487
2443,8530064
2444,8530066
2445,8530067
2446,8530246
2447,8501488
2448,8501490
2449,8501491
2450,8593772
2451,8501492
2452,8588193
2453,8501493
2454,8501727
2455,8501494
2456,8501495
2457,8501672
2458,8501729
2459,8501673
2460,8501674
2461,8501675
2462,8501676:0:1
2463,8501677:0:1
2464,8515296:0:12
2465,8501636
2466,8501605:0:3
2467,8501683:0:1
2468,8501684
2469,8501685
2470,8501686
2471,8501687
2472,8501688:0:3/4
2473,8501689:0:5
2474,8501688:0:1/2
2475,8501689:0:2
2476,8515296:0:14
2477,8501689:0:4
2478,8501689:0:3
2479,8501689:0:6
2480,8501605:0:2
2481,8501676
2482,8501677
2483,8515296:0:11
2484,8501676:0:2
2485,8515296:0:14B
2486,8515296:0:12C
2487,8509060:0:2
2488,8509064:0:1
2489,8509068:0:1
2490,8509069
2491,8509070
2492,8509071
2493,8509072
2494,8509073:0:2
2495,8509073:0:3
2496,8509073:0:1
2497,8508265:0:4
2498,8508264
2499,8508263:0:1
2500,8508262:0:1
2501,8508261
2502,8508260
2503,8508202:0:4/5
2504,8508255
2505,8508253:0:3
2506,8508252:0:1
2507,8508251
2508,8507100:0:18
2509,8508256:0:1
2510,8508254
2511,8508250:0:1
2512,8508253:0:2
2513,8508262:0:2
2514,8507100:0:16
2515,8509068:0:2
2516,8509256
2517,8509257
2518,8509258
2519,8509259
2520,8509260
2521,8509262:0:1
2522,8509263
2523,8509269:0:4
2524,8509267
2525,8509251:0:5
2526,8509255:0:1
2527,8509254
2528,8509251:0:3
2529,8509268:0:1
2530,8509255
2531,8509262:0:2
2532,8509269
2533,8509269:0:4AB
2534,8509251:0:1
2535,8509251:0:3CD
2536,8501300:0:8
2537,8501360
2538,8501361
2539,8501362
2540,8501370
2541,8501230
2542,8501308
2543,8501363
2544,8501371
2545,8501364
2546,8501357
2547,8501365
2548,8501366
2549,8501367
2550,8501368
2551,8501369
2552,8501400:0:11/12
2553,8530335
2554,8501459
2555,8501461
2556,8530355
2557,8501458
2558,8501452
2559,8530366
2560,8501726
2561,8501462
2562,8501229
2563,8501463
2564,8501457
2565,8501456
2566,8501460
2567,8530378
2568,8530430
2569,8501464
2570,8593467
2571,8501454
2572,8501465
2573,8530463
2574,8501453
2575,8501466
2576,8501448
2577,8504463:0:3
2578,8504464
2579,8504465
2580,8504466
2581,8504467
2582,8504468
2583,8504483:0:11
2584,8504300:0:11
2585,8504461:0:1
2586,8504469
2587,8504471
2588,8504470
2589,8504472
2590,8504462
2591,8504474
2592,8504475
2593,8504463:0:1
2594,8504463
2595,8504461:0:2
2596,8507290:0:6
2597,8507281
2598,8507291
2599,8507292:0:1
2600,8507284:0:1
2601,8507293:0:1
2602,8507294:0:1
2603,8507295:0:2
2604,8507286:0:1
2605,8507296
2606,8507297:0:1
2607,8507287:0:1
2608,8507298:0:1
2609,8507288:0:1
2610,8507299:0:1
2611,8507288
2612,8507297:0:2
2613,8507295:0:1
2614,8507292:0:2
2615,8509251:0:4
2616,8500207:0:21
2617,8500280
2618,8500272
2619,8500273
2620,8500274
2621,8500275
2622,8500283
2623,8500285
2624,8500286:0:2
2625,8500287
2626,8500288
2627,8500289
2628,8500211:0:11A
2629,8518690
2630,8500212:0:8
2631,8500212:0:7
2632,8500286:0:1
2633,8500218:0:1CD
2634,8500217:0:2
2635,8500216:0:4
2636,8500215:0:4
2637,8500214:0:2
2638,8500213:0:4
2639,8500211:0:4
2640,8500210:0:3
2641,8500209:0:1
2642,8500208:0:2
2643,8500206:0:2
2644,8500261
2645,8500262
2646,8500264:0:1
2647,8500206:0:1
2648,8500208:0:3
2649,8500209:0:2
2650,8500210:0:2
2651,8500211:0:3
2652,8500213:0:3
2653,8500214:0:1
2654,8500215:0:3
2655,8500216:0:3
2656,8500109:0:5
2657,8500126:0:4
2658,8500141:0:1
2659,8500127:0:2
2660,8500143:0:1
2661,8500144:0:1
2662,8500128:0:3
2663,8718444:0:2
2664,8500126:0:A2
2665,8500126:0:2
2666,8504314:0:3
2667,8504312
2668,8504311:0:1
2669,8504310:0:1
2670,8504309:0:1
2671,8504308:0:1
2672,8504307:0:2
2673,8504306:0:3
2674,8504305:0:1
2675,8504304:0:2
2676,8504303:0:1
2677,8504302
2678,8504301:0:1
2679,8504300:0:1
2680,8504304:0:3
2681,8504314:0:4
2682,8500127:0:3
2683,8500123:0:1
2684,8500023
2685,8500081
2686,8500082
2687,8500080
2688,8500083
2689,8500084
2690,8500092
2691,8500093
2692,8500094
2693,8500085
2694,8500088
2695,8500086
2696,8500087
2697,8500100
2698,8500162
2699,8500170
2700,8500164
2701,8500171
2702,8500165
2703,8500172
2704,8500173
2705,8500167
2706,8500211:0:11B
2707,8508159
2708,8508158
2709,8508157
2710,8508155
2711,8508154
2712,8508153
2713,8508193
2714,8508152
2715,8508151
2716,8508100:0:5
2717,8501677:0:2
2718,8501671
2719,8501670
2720,8501669
2721,8501668
2722,8501667
2723,8501666
2724,8501665
2725,8501664
2726,8501663:0:1
2727,8501662
2728,8501661:0:4
2729,8505163:0:3
2730,8505164
2731,8501661
2732,8504398
2733,8530708
2734,8530709
2735,8504509
2736,8530710
2737,8504510
2738,8530711
2739,8504325
2740,8530712
2741,8595245
2742,8594231
2743,8530713
2744,8504511
2745,8505165:0:1
2746,8505170
2747,8505172
2748,8505173
2749,8505174:0:1
2750,8505175
2751,8505176
2752,8505177
2753,8505178
2754,8505179
2755,8505180
2756,8509179
2757,8505174:0:2
2758,8505174
2759,8099985
2760,8014570
2761,8014571
2762,8014580
2763,8014581
2764,8014582
2765,8014583
2766,8099982
2767,8080251
2768,8014584
2769,8014586:0:2
2770,8500105:0:5
2771,8500268:0:1
2772,8500267
2773,8500266:0:1
2774,8500260:0:1
2775,8500265
2776,8500263:0:1
2777,8500104
2778,8500103
2779,8500102
2780,8500135
2781,8500101
2782,8504304:0:1
2783,8500105:0:4
2784,8505165:0:2
2785,8501661:0:3
2786,8505165:0:3
2787,8501661:0:2
2788,8501605
2789,8501023:0:1
2790,8501015:0:1
2791,8501014:0:702
2792,8501013:0:1
2793,8501022:0:1
2794,8501012:0:1
2795,8501021:0:1
2796,8501011:0:1
2797,8501020:0:902
2798,8516283:0:1
2799,8516155
2800,8501014:0:701
2801,8501020:0:901
2802,8501008:0:1
2803,8501014
2804,8501020
2805,8501104:0:3
2806,8501100
2807,8501151
2808,8501152
2809,8501153:0:1
2810,8501154
2811,8501155
2812,8501156
2813,8501157:0:1
2814,8530783
2815,8501159:0:1
2816,8501153:0:2
2817,8501159:0:2
2818,8504220:0:2
2819,8504219:0:3
2820,8504218:0:1
2821,8504217
2822,8504216
2823,8504215:0:2
2824,8504284
2825,8504285:0:2
2826,8504286:0:1
2827,8504287:0:1
2828,8504288:0:2
2829,8504219:0:1
2830,8504220:0:1
2831,8504300:0:1CD
2832,8504314:0:2
2833,8504381
2834,8504382
2835,8504383
2836,8504384
2837,8504385
2838,8530011
2839,8504386
2840,8530012
2841,8504387
2842,8530225
2843,8504388
2844,8509179:0:3
2845,8501012:0:2
2846,8501400:0:15/16
2847,8501484
2848,8501485
2849,8501179
2850,8501480
2851,8501199
2852,8501481
2853,8501725
2854,8501482
2855,8501483
2856,8501500:0:40
2857,8530303
2858,8501561
2859,8501562
2860,8501563
2861,8530334
2862,8501564
2863,8501565
2864,8501566
2865,8501568
2866,8774687
2867,8504201:0:2
2868,8504203:0:1
2869,8504204:0:1
2870,8504205:0:3
2871,8504206:0:2
2872,8504208:0:3
2873,8504209:0:3
2874,8504219:0:2
2875,8504205:0:1
2876,8504209:0:2
2877,8504208:0:2
2878,8504206:0:1
2879,8504205:0:2
2880,8504203:0:2
2881,8504201:0:3
2882,8504307:0:3
2883,8504310:0:3
2884,8504200:0:B3
2885,8530263
2886,8504291
2887,8504292
2888,8504293
2889,8504294
2890,8504295
2891,8504296
2892,8504297
2893,8504298
2894,8504222:0:2
2895,8504223:0:1
2896,8504224:0:1
2897,8504225:0:2
2898,8504226:0:1
2899,8504227:0:1
2900,8504228:0:2
2901,8504229:0:1
2902,8504300:0:10CD
2903,8504229:0:2
2904,8504228:0:3
2905,8504226:0:2
2906,8504225:0:1
2907,8504224:0:2
2908,8504223:0:2
2909,8504222:0:1
2910,8501007:0:1
2911,8501006:0:2
2912,8501000:0:2
2913,8501003:0:2
2914,8501002:0:2
2915,8501001:0:1
2916,8774538
2917,8501007:0:2
2918,8501008:0:5
2919,8505075
2920,8505074
2921,8505073
2922,8505072
2923,8505071
2924,8505079
2925,8508464
2926,8508100:0:4
2927,8594258
2928,8508161
2929,8508173
2930,8508162
2931,8508168
2932,8508163
2933,8508164
2934,8516444:0:1
2935,8504401:0:1
2936,8504402
2937,8504403:0:1
2938,8504404
2939,8518749:0:1
2940,8504414:0:2
2941,8518963:0:2
2942,8500205:0:2
2943,8500204:0:2
2944,8500203:0:2
2945,8500201:0:2
2946,8500200:0:2
2947,8518771:0:2
2948,8504419:0:2
2949,8504300:0:6
2950,8500217:0:3
2951,8504300:0:1AB
2952,8509000:0:2
2953,8509150
2954,8509152
2955,8509153
2956,8509154
2957,8509155
2958,8509156
2959,8509157:0:1
2960,8509000:0:1
2961,8501002:0:1
2962,8501003:0:1
2963,8501000:0:1
2964,8501006:0:1
2965,8501007
2966,8501500:0:50
2967,8501572
2968,8501573
2969,8501575
2970,8501580
2971,8501579
2972,8504419:0:1
2973,8518771:0:1
2974,8500200:0:1
2975,8500201:0:1
2976,8500203:0:1
2977,8500204:0:1
2978,8500205:0:1
2979,8518963:0:1
2980,8500206
2981,8507279
2982,8507278
2983,8507277
2984,8507276
2985,8507275
2986,8507274
2987,8507290:0:3
2988,8507290:0:4
2989,8507373
2990,8507550
2991,8507372
2992,8507555
2993,8507566
2994,8507384
2995,8507380:0:1
2996,8507381:0:2
2997,8507382
2998,8507383:0:2
2999,8507389:0:2
3000,8507492:0:2B
3001,8507492:0:2
3002,8507382:0:2
3003,8508308
3004,8530799
3005,8530760
3006,8530801
3007,8530800
3008,8508395
3009,8508359
3010,8501447
3011,8501497
3012,8501446
3013,8501498
3014,8501499
3015,8509053:0:5
3016,8501374
3017,8501384
3018,8501385
3019,8501386
3020,8501387
3021,8501378
3022,8501391
3023,8501393
3024,8501198
3025,8501395
3026,8501388
3027,8501396
3028,8507270
3029,8501383
3030,8501382
3031,8501390
3032,8501381
3033,8501380
3034,8501300:0:4
3035,8501300:0:7
3036,8501635
3037,8501634
3038,8530614
3039,8530613
3040,8530612
3041,8501690
3042,8501679
3043,8501691
3044,8501692
3045,8501693
3046,8501694
3047,8507492:0:8
3048,8507493:0:2
3049,8509075
3050,8509076
3051,8509077
3052,8509078
3053,8509195:0:3
3054,8509073
3055,8509195
3056,8503011:0:3
3057,8505367
3058,8505304
3059,8505372
3060,8505373
3061,8505374
3062,8501428:0:1
3063,8501426:0:1
3064,8501425:0:1
3065,8501424:0:1
3066,8501423:0:1
3067,8501422:0:1
3068,8501421
3069,8501420:0:1
3070,8501404:0:2
3071,8501405:0:2
3072,8501501:0:2
3073,8501502:0:2
3074,8501503:0:2
3075,8501504:0:1
3076,8501505:0:2
3077,8501510:0:1
3078,8501507:0:1
3079,8501600:0:1
3080,8501602:0:2
3081,8501603:0:4
3082,8501604:0:3
3083,8501426:0:2
3084,8501502:0:3
3085,8501509:0:1
3086,8501403:0:6
3087,8501604:0:2
3088,8501603:0:3
3089,8501602:0:1
3090,8501600:0:2
3091,8501507:0:2
3092,8501510:0:2
3093,8501505:0:3
3094,8501504:0:2
3095,8501503:0:1
3096,8501502:0:1
3097,8501501:0:1
3098,8501405:0:1
3099,8501404:0:1
3100,8507375
3101,8507552
3102,8507376
3103,8507380:0:11
3104,8500186
3105,8500187
3106,8500188
3107,8500212:0:5
3108,8500292
3109,8500293
3110,8500294:0:2
3111,8500221:0:1
3112,8500220:0:1
3113,8504415:0:1
3114,8504414:0:4
3115,8501112:0:Pl
3116,8501194
3117,8530262
3118,8501191
3119,8509251
3120,8504316:0:3
3121,8530260
3122,8504391
3123,8504392
3124,8507363
3125,8507387
3126,8507386
3127,8507558
3128,8507388
3129,8507478:0:1
3130,8507480:0:2
3131,8507481:0:2
3132,8507481:0:1
3133,8507480:0:1
3134,8301113:0:6
3135,8506319:0:2
3136,8507002:0:3
3137,8506302
3138,8500113:0:1
3139,8500109:0:4
3140,8506020:0:2
3141,8500035:0:2
3142,8502207:0:1
3143,8503206:0:9
3144,8301645
3145,8014485
3146,8503424:0:6
3147,8504410
3148,8507000:0:21/22
3149,8502204:0:6CD
3150,8502203:0:1
3151,8504317:0:1
3152,8771861
3153,8718284
3154,8771521
3155,8500016:0:7
3156,8718213
3157,8500010:0:30
3158,8774700
3159,8776100
3160,8500016:0:8
3161,8509253:0:5
3162,8505592
3163,8509000:0:10DE
3164,8509000:0:10AB
3165,8509251:0:2AB
3166,8501689
3167,8029429
3168,8029411
3169,8029399
3170,8029394
3171,8029383
3172,8029034
3173,8014350
3174,8014413
3175,8030446
3176,8029041
3177,8029525
3178,8029541
3179,8029549
3180,8029629
3181,8029014
3182,8029779
3183,8029006
3184,8029501
3185,8014043
3186,8014228
3187,8029497
3188,8029498
3189,8029499
3190,8014040
3191,8029007
3192,8029524
3193,8029523
3194,8029522
3195,8029521
3196,8029520
3197,8029519
3198,8029518
3199,8029516
3200,8029515
3201,8029514
3202,8029513
3203,8029512
3204,8029376
3205,8029375
3206,8029374
3207,8029373
3208,8029723
3209,8029044
3210,8029367
3211,8029381
3212,8029789
3213,8029369
3214,8029724
3215,8029725
3216,8064619
3217,8506379
3218,8506389
3219,8506388
3220,8506387
3221,8506386
3222,8506385
3223,8506384
3224,8506383
3225,8506378:0:1
3226,8506378
3227,8029572
3228,8029573
3229,8029574
3230,8029575
3231,8029576
3232,8029577
3233,8029593
3234,8029592
3235,8029591
3236,8029590
3237,8029017
3238,8029026
3239,8029038
3240,8029031
3241,8029033
3242,8029596
3243,8029595
3244,8029594
3245,8029016
3246,8029015
3247,8014428
3248,8060978
3249,8060979
3250,8014429
3251,8069220
3252,8099960
3253,8029440
3254,8029441
3255,8029384
3256,8029442
3257,8029443
3258,8029444
3259,8029445
3260,8029446
3261,8029447
3262,8029448
3263,8029069
3264,8029454
3265,8097911
3266,8029453
3267,8091764
3268,8029393
3269,8029392
3270,8029391
3271,8029382
3272,8029569
3273,8029377
3274,8029045
3275,8029052
3276,8029053
3277,8029055
3278,8029056
3279,8029057
3280,8029058
3281,8029060
3282,8029284
3283,8029285
3284,8029286
3285,8029287
3286,8014309
3287,8014318
3288,8014319
3289,8014324
3290,8014325
3291,8014326
3292,8014327
3293,8014328
3294,8014329
3295,8014330
3296,8014331
3297,8014332
3298,8014335
3299,8014347
3300,8014348
3301,8014349
3302,8014404
3303,8014405
3304,8014406
3305,8014407
3306,8014408
3307,8014410
3308,8014411
3309,8014416
3310,8014417
3311,8014418
3312,8014419
3313,8014420
3314,8014421
3315,8014422
3316,8014423
3317,8014424
3318,8029061
3319,8029062
3320,8029063
3321,8029064
3322,8029066
3323,8029075
3324,8029076
3325,8029077
3326,8029083
3327,8029084
3328,8029085
3329,8029086
3330,8029096
3331,8029097
3332,8029098
3333,8029099
3334,8029100
3335,8029103
3336,8029611
3337,8029612
3338,8029613
3339,8029614
3340,8029625
3341,8029634
3342,8029635
3343,8029637
3344,8029639
3345,8029640
3346,8029641
3347,8029642
3348,8029643
3349,8029644
3350,8029645
3351,8029646
3352,8029647
3353,8029743
3354,8014481
3355,8014480
3356,8014479
3357,8085022
3358,8014478
3359,8014474
3360,8014472
3361,8014471
3362,8014469
3363,8014468
3364,8014467
3365,8014466
3366,8014465
3367,8014464
3368,8014463
3369,8014462
3370,8014460
3371,8014459
3372,8014458
3373,8014126
3374,8014130
3375,8014131
3376,8014132
3377,8014134
3378,8029636
3379,8004238
3380,8014554
3381,8014555
3382,8014556
3383,8063365
3384,8014586
3385,8029580
3386,8029581
3387,8029583
3388,8029584
3389,8029585
3390,8029587
3391,8029678
3392,8029683
3393,8029685
3394,8014364
3395,8014365
3396,8014367
3397,8014368
3398,8014372
3399,8014373
3400,8014376
3401,8014377
3402,8014378
3403,8014379
3404,8014380
3405,8029395
3406,8029396
3407,8029397
3408,8029398
3409,8029486
3410,8033764
3411,8029488
3412,8029489
3413,8029490
3414,8092895
3415,8029492
3416,8029403
3417,8029406
3418,8029546
3419,8029543
3420,8029539
3421,8029538
3422,8029537
3423,8029536
3424,8014384
3425,8014488
3426,8014482
3427,8014483
3428,8014484
3429,8518243
3430,8029288
3431,8029289
3432,8029290
3433,8029291
3434,8029292
3435,8029293
3436,8050807
3437,8050806
3438,8050805
3439,8050804
3440,8050803
3441,8050802
3442,8091916
3443,8080100
3444,8014546
3445,8014545
3446,8014492
3447,8014491
3448,8088575
3449,8029027
3450,8029028
3451,8029029
3452,8029745
3453,8029747
3454,8029749
3455,8029753
3456,8029754
3457,8501400:0:3
3458,8501402:0:3
3459,8085225
3460,8029661
3461,8029660
3462,8029657
3463,8029654
3464,8508006:0:2
3465,8503508:0:12
3466,8014586:0:1
3467,8014240
3468,8014245
3469,8014277
3470,8014281
3471,8014283
3472,8014288
3473,8014289
3474,8014497
3475,8014499
3476,8014501
3477,8014502
3478,8014511
3479,8014513
3480,8014518
3481,8014521
3482,8014529
3483,8014533
3484,8014534
3485,8771500
3486,8501022:0:3
3487,8501030:0:3
3488,8501022:0:2
3489,8022193
3490,8022717
3491,8022721
3492,8022722
3493,8022728
3494,8022733
3495,8022742
3496,8022744
3497,8029506
3498,8029505
3499,8029504
3500,8029503
3501,8029502
3502,8066175
3503,8029010
3504,8029011
3505,8073478
3506,8022229
3507,8029761
3508,8090289
3509,8022668
3510,8022534
3511,8014094
3512,8014039
3513,8014038
3514,8014037
3515,8014036
3516,8014035
3517,8014033
3518,8014031
3519,8014021
3520,8014500
3521,8014241
3522,8063797
3523,8022727
3524,8014008
3525,8014061
3526,8014063
3527,8014066
3528,8014068
3529,8029005
3530,8029416
3531,8501952:0:1
3532,8501951
3533,8501950
3534,8507470:0:2
3535,8507471:0:1
3536,8507472:0:3
3537,8507473:0:2
3538,8507474:0:1
3539,8507476:0:3
3540,8507473:0:3
3541,8507472:0:2
3542,8507471:0:2
3543,8507470:0:3
3544,8014121
3545,8014015
3546,8014020
3547,8069606
3548,8014112
3549,8014113
3550,8069607
3551,8014114
3552,8014169
3553,8014170
3554,8014171
3555,8014172
3556,8014184
3557,8014185
3558,8014186
3559,8023788
3560,8014187
3561,8014194
3562,8014195
3563,8014196
3564,8014200
3565,8014198
3566,8000709
3567,8505119:0:1
3568,8505201
3569,8014238
3570,8014239
3571,8029759
3572,8502110:0:2
3573,8022228
3574,8029461
3575,8029456
3576,8504314:0:5
3577,8504237:0:1
3578,8504236
3579,8504234
3580,8504237:0:2
3581,8507000:0:1270
3582,8507290:0:12
3583,8507298:0:2
3584,8507290:0:7
3585,8509171:0:2
